token,age_hours,market_cap,liquidity_usd,volume_24h,holders,is_moonshot,chain,entry_price,current_price,top_10_holders_pct,is_liquidity_locked,dev_holding_pct,tx_velocity_1m,has_socials,funded_from_cex,label,liquidity_to_mc_ratio,volume_to_liq_ratio
dogwifhat (WIF),0,50000.0,15000.0,5000.0,50,True,solana,1e-05,5e-05,19.9816047538945,1,3.0910903165813055,46.06867547877934,0,0,1,0.2999940001199976,0.33331111259249385
dogwifhat (WIF),1,120000.0,30000.0,45000.0,150,True,solana,1e-05,0.00012,43.02857225639664,1,0.5056133806139512,60.36762981773961,0,0,1,0.24999791668402763,1.4999500016666112
dogwifhat (WIF),6,80000.0,25000.0,120000.0,400,True,solana,1e-05,8e-05,34.279757672456206,1,0.42053403057498717,23.971622133764125,1,0,1,0.31249609379882753,4.799808007679693
dogwifhat (WIF),24,500000.0,100000.0,800000.0,1500,True,solana,1e-05,0.0005,28.946339367881464,1,3.5048456572955997,26.3735317445744,1,0,1,0.1999996000008,7.999920000799992
dogwifhat (WIF),48,2500000.0,400000.0,3000000.0,5000,True,solana,1e-05,0.0025,11.24074561769746,1,0.36381503182096764,87.56070589121656,0,0,1,0.1599999360000256,7.499981250046875
dogwifhat (WIF),168,15000000.0,2000000.0,15000000.0,25000,True,solana,1e-05,0.015,11.239780813448107,1,4.1093002964517815,95.15039159202695,1,0,1,0.13333332444444504,7.499996250001875
book of meme (BOME),0,100000.0,40000.0,20000.0,200,True,solana,1e-05,0.0001,7.323344486727978,0,3.531211135782481,43.597838465177766,0,0,1,0.3999960000399996,0.4999875003124922
book of meme (BOME),1,1500000.0,300000.0,2000000.0,2000,True,solana,1e-05,0.0015,39.647045830997406,1,0.4067439032094988,34.36702058291984,1,0,1,0.19999986666675557,6.666644444518519
book of meme (BOME),6,8000000.0,1000000.0,15000000.0,10000,True,solana,1e-05,0.008,29.04460046972835,0,0.4241885704259596,67.95995889151142,1,0,1,0.12499998437500195,14.999985000015
book of meme (BOME),24,25000000.0,3000000.0,40000000.0,30000,True,solana,1e-05,0.025,33.32290311184182,0,4.933197892505877,46.78607539882868,1,0,1,0.1199999952000002,13.333328888890371
book of meme (BOME),48,40000000.0,5000000.0,60000000.0,45000,True,solana,1e-05,0.04,5.823379771832098,1,1.8713539787806015,12.284772009431038,1,0,1,0.12499999687500007,11.99999760000048
myro (MYRO),0,30000.0,10000.0,2000.0,30,True,solana,1e-05,3.0000000000000004e-05,43.79639408647977,1,1.8532107353344545,24.053733762957133,1,0,1,0.33332222259258026,0.1999800019998
myro (MYRO),6,150000.0,40000.0,50000.0,300,True,solana,1e-05,0.00015,38.29770563201687,1,4.063997836287513,74.43750059626578,1,0,1,0.26666488890074064,1.2499687507812305
myro (MYRO),24,800000.0,150000.0,400000.0,1200,True,solana,1e-05,0.0008,13.493564427131046,1,4.736242886919293,69.30315477191363,1,0,1,0.18749976562529297,2.6666488890074067
myro (MYRO),48,3000000.0,500000.0,2000000.0,4000,True,solana,1e-05,0.003,12.272998688284025,1,4.930005319114354,12.438639325313513,0,0,1,0.16666661111112963,3.999992000016
myro (MYRO),168,12000000.0,1500000.0,8000000.0,15000,True,solana,1e-05,0.012,12.336180394137353,1,3.766890926294708,29.97749457396545,1,0,1,0.1249999895833342,5.333329777780148
SCAM_0000,35,8537.077650749387,1001.089253522126,828.6509390604905,57,False,solana,1e-05,8.537077650749386e-06,17.16968971838151,1,7.035649452408075,5.1892379723333315,1,0,0,0.11724995888673612,0.8269232866712845
SCAM_0001,3,12257.966941729655,1336.9637504887562,502.03392341039057,77,False,solana,1e-05,1.2257966941729658e-05,25.990257265289515,1,8.05718278368664,4.542326980740836,0,1,0,0.10906006654914104,0.375222365499064
SCAM_0002,25,8159.0546076404335,1679.31512098013,500.0,32,False,solana,1e-05,8.159054607640434e-06,22.27780074568463,0,9.919154567690162,15.812104997768312,0,1,0,0.20579704447170627,0.29756323308472604
SCAM_0003,24,3000.0,1000.0,500.0,61,False,solana,1e-05,3e-06,16.649165607921677,1,8.213627465191113,7.652379924167872,0,0,0,0.3332222592469177,0.4995004995004995
SCAM_0004,40,3000.0,1112.474469868297,719.4755062021962,25,False,solana,1e-05,3e-06,29.47411578889518,0,8.731340481026116,2.099010854704531,0,1,0,0.370701256204031,0.6461535721490737
SCAM_0005,1,19083.253772703727,5297.085434520492,768.0294361155994,92,False,solana,1e-05,1.9083253772703728e-05,10.579754426081674,0,10.701903373876942,19.412949972675417,0,1,0,0.2775631417193231,0.14496358082702582
SCAM_0006,42,7520.167660803887,1089.2071694153203,532.3169838118304,40,False,solana,1e-05,7.520167660803887e-06,16.685785941408724,1,8.467471905895096,17.791931814305087,0,0,0,0.1448188922966919,0.4882714026704784
SCAM_0007,27,5320.403427991795,1000.0,1190.7248063553066,29,False,solana,1e-05,5.320403427991796e-06,19.654473731747668,0,22.935308492528502,18.627293380709048,0,0,0,0.18792035099984566,1.1895352710842224
SCAM_0008,7,8555.634713578089,3013.7283503089093,715.8113220706721,91,False,solana,1e-05,8.55563471357809e-06,23.24279936868144,1,6.604674913232844,19.90324863028227,0,0,0,0.35220953694874657,0.23743808359958046
SCAM_0009,44,10100.133124638278,2802.319719516996,1306.8689280337808,66,False,solana,1e-05,1.0100133124638278e-05,36.407038455720546,1,15.490227791405093,4.304009735170259,0,0,0,0.27742627336349923,0.4661861859477629
SCAM_0010,29,26117.256318208067,2908.5069402245335,2803.259417401934,22,False,solana,1e-05,2.6117256318208067e-05,12.986951286334389,1,13.20793653979323,8.528598359150516,0,0,0,0.11135915448524406,0.9634826364035413
SCAM_0011,28,6475.950324774754,1000.0,500.0,37,False,solana,1e-05,6.475950324774755e-06,25.569377536544465,1,24.64757233817213,15.406531038377734,0,1,0,0.15439364976676373,0.4995004995004995
SCAM_0012,37,9001.105043891861,1000.0,914.5772165485312,44,False,solana,1e-05,9.001105043891861e-06,28.6965827544817,0,7.240778043361047,14.224391743022052,0,0,0,0.11108512899197098,0.9136635529955356
SCAM_0013,44,6663.489984563396,4487.227348015013,1304.393510284288,56,False,solana,1e-05,6.663489984563397e-06,6.858016508799909,1,12.957111980914833,3.924022220457246,0,1,0,0.6733039374968737,0.2906255430356432
SCAM_0014,27,73815.46229062261,17143.00946094327,7239.037707826643,62,False,solana,1e-05,7.381546229062262e-05,29.301794076057533,1,24.38940866550738,16.500829374821738,0,0,0,0.23223829656655137,0.42224881666790376
SCAM_0015,40,22552.022055941372,5691.9485384166965,1025.1306777310265,35,False,solana,1e-05,2.2552022055941373e-05,11.82096494749166,1,22.310142517879605,5.264370864896552,0,1,0,0.25238074632739554,0.18007025196404328
SCAM_0016,26,13564.11395634271,1614.5617897364798,900.066810882323,38,False,solana,1e-05,1.356411395634271e-05,7.602063719411181,1,21.3414414189856,5.252534681629839,1,0,0,0.11902309077039128,0.5571231113538134
SCAM_0017,7,31999.80995418198,7685.907154135682,2776.7246050539493,12,False,solana,1e-05,3.199980995418198e-05,42.95542149013333,1,10.158056540898796,11.202514034974858,0,1,0,0.24017851939185872,0.36122780584906977
SCAM_0018,16,10951.108914173292,1000.0,689.4850433075004,54,False,solana,1e-05,1.0951108914173293e-05,43.625281322982374,0,8.417751747801317,12.26585876199236,1,1,0,0.09130661572456467,0.68879624706044
SCAM_0019,3,4485.004533747791,3969.0305608387534,2035.7100224359929,39,False,solana,1e-05,4.485004533747792e-06,37.33589392465844,1,18.37286439848862,12.021637948918412,0,1,0,0.8847584818472894,0.5127693581295519
SCAM_0020,23,23133.288394058443,5731.2371606697925,3060.7003475354873,36,False,solana,1e-05,2.3133288394058445e-05,17.184550766934827,1,23.587519782551716,2.7382499105573426,0,0,0,0.24773777619811035,0.5339451704014728
SCAM_0021,6,9144.46382354288,1000.0,619.8319629278317,77,False,solana,1e-05,9.14446382354288e-06,8.906884560255355,1,16.135257860278596,17.671756389977226,0,1,0,0.10934382545210354,0.619212750177654
SCAM_0022,24,10444.748206393098,2749.4021481803593,3708.477683612355,36,False,solana,1e-05,1.0444748206393098e-05,32.36932106048628,0,16.432253789397997,6.046400809185415,1,1,0,0.26320777543705737,1.3483401640250499
SCAM_0023,14,8708.629072831789,1024.7398002097536,500.0,96,False,solana,1e-05,8.70862907283179e-06,22.606099749584054,1,10.599581873205683,3.4607835043732793,0,1,0,0.11765596349059866,0.4874530557337786
SCAM_0024,2,3000.0,1000.0,500.0,56,False,solana,1e-05,3e-06,9.881529393791153,1,20.389858663838737,17.886213517510566,1,0,0,0.3332222592469177,0.4995004995004995
SCAM_0025,41,12370.394652100142,1000.0,1334.1312854557132,62,False,solana,1e-05,1.2370394652100142e-05,24.807076404450807,1,8.740874971150468,19.157378466365316,1,0,0,0.0808316303958699,1.3327984869687444
SCAM_0026,32,9656.98883416634,2166.4989048083353,1541.306149906641,17,False,solana,1e-05,9.656988834166342e-06,6.375540844608736,1,11.473584728084873,17.38042472804356,0,1,0,0.22432195170324437,0.7110989290409507
SCAM_0027,32,35520.136141280105,5771.3929740146295,1040.192919735195,70,False,solana,1e-05,3.5520136141280106e-05,41.372816083151285,0,13.508728772328336,16.380805419772685,0,1,0,0.1624777132989148,0.180201334943375
SCAM_0028,13,19662.842227780096,4331.084178102577,1094.2686133271632,99,False,solana,1e-05,1.9662842227780094e-05,15.351199264000677,1,15.1522075736891,13.449597632141412,0,1,0,0.22025625144529676,0.2525963412387903
SCAM_0029,15,27141.86411989263,8648.916516316674,4250.198712002681,69,False,solana,1e-05,2.714186411989263e-05,31.50089137415928,1,9.848194648301604,11.466290041573647,0,1,0,0.31864421079933136,0.49135719448683296
SCAM_0030,34,3000.0,1271.9458194330148,654.2110435004139,27,False,solana,1e-05,3e-06,17.46844304357644,0,7.296736494784071,2.6527484383167925,1,1,0,0.4238406595911412,0.5139347123130561
SCAM_0031,25,14921.265686533512,1214.336216374985,500.0,42,False,solana,1e-05,1.4921265686533512e-05,25.802720847112433,1,17.21240084883265,8.760611048343275,1,0,0,0.0813774692050185,0.41140878817169046
SCAM_0032,41,24339.826010969096,1227.7298588801125,1868.7810119446171,42,False,solana,1e-05,2.4339826010969095e-05,26.868411173731186,1,10.772611064805115,8.081081823233966,0,1,0,0.05043912060859566,1.5209046955592496
SCAM_0033,8,3000.0,1000.0,500.0,78,False,solana,1e-05,3e-06,12.394178221021082,1,16.624764428452245,5.935321891446198,0,0,0,0.3332222592469177,0.4995004995004995
SCAM_0034,31,3000.0,1000.0,500.0,85,False,solana,1e-05,3e-06,43.783385110582344,1,8.087254305484047,14.744982160083113,0,1,0,0.3332222592469177,0.4995004995004995
SCAM_0035,12,8488.425476833794,1501.2137463174613,897.4443427204073,49,False,solana,1e-05,8.488425476833794e-06,36.00531293444458,1,14.62280203709635,10.421638966496646,0,1,0,0.17683337352027173,0.5974145456466562
SCAM_0036,3,8462.754988264107,1000.0,1748.0677239779393,42,False,solana,1e-05,8.462754988264108e-06,42.579957662567566,1,15.651788651031717,2.5398781022453107,1,1,0,0.11815086818871835,1.746321402575364
SCAM_0037,41,3000.0,1396.1843508004758,908.6722563238714,19,False,solana,1e-05,3e-06,40.79309401710595,0,6.036470736448538,5.183480837046416,0,0,0,0.46523970369892564,0.6503596005804633
SCAM_0038,24,36310.00266097101,6987.782290363816,742.1429742560704,54,False,solana,1e-05,3.631000266097101e-05,28.915999152443405,1,11.732085563878412,13.981916509532322,0,0,0,0.19244255950758019,0.1061905985080323
SCAM_0039,1,4135.14013759453,1000.0,500.0,92,False,solana,1e-05,4.13514013759453e-06,41.87496940092467,1,7.688293538779485,2.4464863303157034,0,0,0,0.24177130530726498,0.4995004995004995
SCAM_0040,4,3747.768044860419,2239.723191230796,500.0,14,False,solana,1e-05,3.747768044860419e-06,8.53970008207678,1,6.267499409455355,17.172931366926605,0,0,0,0.5974557946580527,0.22314224352065432
SCAM_0041,21,22763.80274228603,4196.035292848566,1685.2622459556485,22,False,solana,1e-05,2.2763802742286033e-05,12.839314496765809,1,24.799204647798906,10.407784013265513,0,0,0,0.18432117951342294,0.40153635325087905
SCAM_0042,10,3000.0,1000.0,500.0,59,False,solana,1e-05,3e-06,6.809091556421523,1,11.447076899494459,10.131144969206312,0,1,0,0.3332222592469177,0.4995004995004995
SCAM_0043,26,3722.312648395795,1966.399889013128,500.0,18,False,solana,1e-05,3.722312648395795e-06,18.013213230530575,1,21.1974889170927,12.255747908530834,0,0,0,0.5281318209633455,0.2541425374639043
SCAM_0044,45,15822.085487655,1000.0,559.6486873844856,30,False,solana,1e-05,1.5822085487655002e-05,20.54709158757928,1,10.092813095275277,16.668938352577833,0,0,0,0.06319879904461043,0.5590895977866989
SCAM_0045,7,21086.929538897548,3973.850602566891,1706.452933345961,57,False,solana,1e-05,2.108692953889755e-05,15.853961270955836,1,18.630054444478585,7.608374950141668,1,1,0,0.18844195183965126,0.4293124708244286
SCAM_0046,39,86719.88555925034,14434.454774198412,8226.706173054356,25,False,solana,1e-05,8.671988555925035e-05,38.14950036607718,1,20.204557197793733,13.882306898622208,0,1,0,0.16644727139388302,0.5698958780126951
SCAM_0047,21,3301.1551335340537,1000.0,500.0,90,False,solana,1e-05,3.3011551335340543e-06,19.270133067743572,1,16.912774812156886,11.74890731592003,0,1,0,0.30283253195611487,0.4995004995004995
SCAM_0048,19,7428.30952047864,2136.567869858306,773.1056481298443,10,False,solana,1e-05,7.42830952047864e-06,16.23738038749523,1,14.431523771003167,6.073537133219006,0,0,0,0.2875863314038713,0.3616753690169808
SCAM_0049,42,10910.381379602451,1546.5510011506308,2475.70659273301,73,False,solana,1e-05,1.0910381379602451e-05,26.70784332632994,1,13.236818282945372,17.693969740748003,0,1,0,0.14173741594641048,1.5997576757678937
SCAM_0050,37,33428.56237682918,3241.6230657043748,1180.2130654865005,35,False,solana,1e-05,3.342856237682918e-05,10.636968998990506,1,11.977365330859906,16.151094410531634,0,0,0,0.09696875565296723,0.36396862711828337
SCAM_0051,15,18126.84784301322,5565.430588261823,3485.300507916043,14,False,solana,1e-05,1.8126847843013223e-05,37.08787923016159,0,23.59058288495652,13.510584858510084,0,0,0,0.30701000121240724,0.6261284413149154
SCAM_0052,29,37917.38231190301,7112.841434579787,2823.3254757360996,11,False,solana,1e-05,3.791738231190302e-05,7.982025747190833,1,21.612388155754584,17.161052852790597,0,1,0,0.18758293473788268,0.3968777631185524
SCAM_0053,6,32009.852787861524,8246.495745304112,1107.27843394093,67,False,solana,1e-05,3.200985278786153e-05,44.47547746402069,0,24.300538213330253,17.478589818236244,0,0,0,0.25761562180034053,0.13425632072273364
SCAM_0054,8,3000.0,1000.0,500.0,69,False,solana,1e-05,3e-06,35.889790771866295,1,7.485944469710894,14.45889655758566,0,1,0,0.3332222592469177,0.4995004995004995
SCAM_0055,44,112653.90308592988,26008.77286099978,8847.318544741984,27,False,solana,1e-05,0.0001126539030859,12.948627261366896,1,19.617349504072884,16.90325323890977,0,1,0,0.23087120177238132,0.3401536257937896
SCAM_0056,30,111117.30699262372,16836.76609745015,3802.425597332533,86,False,solana,1e-05,0.0001111173069926,5.220884684944096,0,23.766809136420758,14.25195777171639,1,0,0,0.15152108192728145,0.22582720150200677
SCAM_0057,19,4389.081061122386,1000.0,500.0,89,False,solana,1e-05,4.389081061122387e-06,37.618457138193364,1,8.624661323313203,13.922674663445708,0,1,0,0.2277862267409559,0.4995004995004995
SCAM_0058,22,10033.382412428957,1000.0,870.2670968605296,67,False,solana,1e-05,1.0033382412428957e-05,33.274293753904686,0,6.32992534733555,12.753616186088502,0,0,0,0.09965735397540391,0.8693976991613682
SCAM_0059,36,3000.0,1000.0,500.0,51,False,solana,1e-05,3e-06,34.160286721639494,0,19.82241298580118,15.301616151595184,0,1,0,0.3332222592469177,0.4995004995004995
SCAM_0060,16,3000.0,1000.0,500.0,23,False,solana,1e-05,3e-06,35.85081386743783,1,16.489462263598238,4.0134970005684005,0,1,0,0.3332222592469177,0.4995004995004995
SCAM_0061,23,3000.0,1000.0,500.0,68,False,solana,1e-05,3e-06,7.961786069363614,1,21.83657553516544,17.73654442477964,0,1,0,0.3332222592469177,0.4995004995004995
SCAM_0062,5,3000.0,1504.3154664109543,1233.632462395382,6,False,solana,1e-05,3e-06,19.338629141770905,0,7.79544753252579,17.56502702715941,0,1,0,0.5012713983375389,0.8195175628778119
SCAM_0063,16,23602.589655427713,5682.137095873417,1604.436264584033,26,False,solana,1e-05,2.360258965542772e-05,9.634762381005189,1,20.905346237197804,1.5556983776566238,1,0,0,0.24073190471546743,0.2823152490459944
SCAM_0064,23,7886.563555039751,2410.8360456577875,610.9611124835088,42,False,solana,1e-05,7.88656355503975e-06,39.52413703502374,1,9.03254640095489,16.690518260730492,0,1,0,0.3056502846328745,0.25331784620412684
SCAM_0065,28,3000.0,1000.0,500.0,7,False,solana,1e-05,3e-06,29.931925073102317,0,8.27311885731409,3.448527481995459,0,0,0,0.3332222592469177,0.4995004995004995
SCAM_0066,33,16390.25549195082,8468.513935557463,1830.6111466187256,12,False,solana,1e-05,1.6390255491950818e-05,18.235920994105967,1,8.285315958619858,7.367258230923696,0,1,0,0.5166482786944575,0.2161412284751421
SCAM_0067,22,7984.998395997374,6041.31689426173,1287.631647884667,89,False,solana,1e-05,7.984998395997376e-06,7.542334011440945,0,21.29149440462764,15.126656869540547,0,1,0,0.75648861854138,0.21310230337430755
SCAM_0068,38,9367.184904481812,1000.0,500.0,82,False,solana,1e-05,9.367184904481814e-06,17.439292868626488,0,18.303944413924004,4.0544380249178555,0,0,0,0.10674426371768049,0.4995004995004995
SCAM_0069,17,27983.335162363102,8960.103108240262,3099.5705519784624,19,False,solana,1e-05,2.7983335162363103e-05,18.007332881069882,1,15.461308495382386,16.541373458262182,0,1,0,0.32018281142840765,0.3458916290259203
SCAM_0070,34,5222.883879472601,1000.0,1043.0038741889978,96,False,solana,1e-05,5.222883879472601e-06,34.18424713352256,1,12.17660968247005,16.810549381197095,0,0,0,0.19142845114332044,1.041961912276721
SCAM_0071,16,3000.0,1000.0,500.0,52,False,solana,1e-05,3e-06,30.502298854208526,1,22.544010816262166,10.641886941455887,1,1,0,0.3332222592469177,0.4995004995004995
SCAM_0072,9,32363.422775336538,11022.296669972944,1446.234314671991,97,False,solana,1e-05,3.236342277533654e-05,40.48850970305306,1,12.848902148452709,1.121331562619838,0,1,0,0.34056830694884316,0.1311979853188094
SCAM_0073,14,8405.506687367824,2385.464717335566,775.2274295334613,27,False,solana,1e-05,8.405506687367825e-06,23.888597006477973,1,21.33198878943154,6.453724530323343,0,1,0,0.2837640896568992,0.32484344893185146
SCAM_0074,2,3039.798399518659,1909.0082116839792,1454.739014724782,86,False,solana,1e-05,3.0397983995186594e-06,9.783769837532068,1,13.782698171404368,12.721611449139102,0,1,0,0.6277983479556436,0.7616401886786632
SCAM_0075,38,7116.859070879269,1000.0,652.3054294041207,16,False,solana,1e-05,7.11685907087927e-06,33.5297914889198,1,12.538888588498152,19.642537382521045,0,0,0,0.14049168296843928,0.6516537756284921
SCAM_0076,5,3000.0,1000.0,500.0,41,False,solana,1e-05,3e-06,35.4314019446759,1,14.253595713392128,13.0044570133167,0,0,0,0.3332222592469177,0.4995004995004995
SCAM_0077,38,32825.36368504769,1000.0,657.1965285967993,23,False,solana,1e-05,3.282536368504769e-05,27.45108790277985,0,11.027557483282841,5.936268040219036,0,0,0,0.03046331934887741,0.6565399886081912
SCAM_0078,11,3144.256327225911,1265.2319401015554,777.4842992108523,19,False,solana,1e-05,3.1442563272259115e-06,35.83868719818244,1,19.952187603525022,13.046108358892615,0,0,0,0.4022667180253252,0.6140141269446227
SCAM_0079,14,44949.72477567048,3824.0404503883633,4632.5796256674275,82,False,solana,1e-05,4.494972477567048e-05,24.75182385457563,0,15.054407801849583,11.259722214601254,1,0,0,0.08507183075406428,1.2111191203735043
SCAM_0080,3,24485.557813729574,6320.197239454996,1844.218559784191,28,False,solana,1e-05,2.4485557813729577e-05,25.909313175279763,0,9.644253902936345,15.817062507871729,0,1,0,0.25810884843566173,0.291751465730754
SCAM_0081,43,25208.657915017895,10932.531527227498,942.0035056075036,53,False,solana,1e-05,2.52086579150179e-05,22.101640734341984,1,22.991491465491368,3.0326321377122096,0,1,0,0.4336644140147087,0.08615729540466005
SCAM_0082,34,8880.492829869952,3702.6490159322175,1591.318003679422,93,False,solana,1e-05,8.880492829869953e-06,6.0167650697638075,1,12.677824427464229,15.459530147538532,1,1,0,0.4168948944573357,0.4296622052559382
SCAM_0083,14,15849.150448987544,1149.3085910575849,663.8277984183196,88,False,solana,1e-05,1.5849150448987544e-05,9.315657079732178,1,15.871057222279772,11.284064994846096,0,0,0,0.0725108947550084,0.5770867083657972
SCAM_0084,30,37981.487859094246,9857.252919923449,15477.616426897344,48,False,solana,1e-05,3.798148785909425e-05,6.25716742746937,1,23.12944221929094,19.2968480733209,0,1,0,0.2595209917920977,1.5700161633728436
SCAM_0085,28,5756.7807626747635,1000.0,973.541813092678,24,False,solana,1e-05,5.756780762674764e-06,30.456416450551217,0,17.484759918279842,7.495571154735035,0,1,0,0.1736780265206646,0.9725692438488291
SCAM_0086,39,5459.124568400053,1000.0,500.0,22,False,solana,1e-05,5.459124568400054e-06,17.574239243053068,0,7.337960814167282,13.019815969545014,0,0,0,0.1831460047243984,0.4995004995004995
SCAM_0087,45,19756.020745517417,3494.2503681355793,786.6546102738599,49,False,solana,1e-05,1.975602074551742e-05,25.342827646588113,0,23.796642472269504,18.708534004690332,0,1,0,0.17686119851488105,0.22506388024314083
SCAM_0088,7,3000.0,1000.0,500.0,17,False,solana,1e-05,3e-06,41.30265895704372,1,17.554161061428356,2.947684831822906,1,1,0,0.3332222592469177,0.4995004995004995
SCAM_0089,28,7601.859753257044,1522.3193509804664,500.0,15,False,solana,1e-05,7.601859753257045e-06,14.971689165954999,1,11.698112293141723,18.80734125749257,0,0,0,0.20022983461299665,0.3282305838747344
SCAM_0090,31,5940.090350367207,9464.664238801994,1542.0674073760144,25,False,solana,1e-05,5.940090350367208e-06,21.415316921425188,1,7.785441453267746,14.069828723715453,0,1,0,1.5930853901619257,0.16291169520409524
SCAM_0091,17,30075.293152805592,8092.366096647467,1766.5664298211984,99,False,solana,1e-05,3.0075293152805595e-05,35.22204554172195,0,20.88050378540592,2.2889041229982663,0,1,0,0.26906128542947094,0.21827338695984197
SCAM_0092,4,3067.1829700449025,1000.0,500.0,80,False,solana,1e-05,3.067182970044903e-06,14.151926619664899,1,17.40145511857027,6.718307771989509,0,0,0,0.3259258035661951,0.4995004995004995
SCAM_0093,31,33971.01243283532,6390.647967870574,2504.1075262705294,33,False,solana,1e-05,3.3971012432835323e-05,8.079196393151719,1,15.66922183952643,14.455269684260351,0,1,0,0.18811508386514525,0.3917780733322821
SCAM_0094,18,14964.981929213702,1917.177811289574,678.7298789928585,17,False,solana,1e-05,1.4964981929213705e-05,16.590058116550722,1,22.877851661019154,2.279661427906662,0,1,0,0.12810237379394596,0.353840960414694
SCAM_0095,45,17671.817131852957,2575.6096936250647,1372.1495515863592,95,False,solana,1e-05,1.7671817131852956e-05,11.448851490160177,1,20.771944224490614,12.061238743349191,1,1,0,0.1457384906101282,0.5325407084283164
SCAM_0096,11,3000.0,1000.0,500.0,32,False,solana,1e-05,3e-06,42.18790609370292,1,8.033497594655024,7.571778082106178,0,1,0,0.3332222592469177,0.4995004995004995
SCAM_0097,34,3000.0,1372.107691812497,801.5258152998456,62,False,solana,1e-05,3e-06,37.32481518257668,0,11.234441355910965,12.797394837582065,0,1,0,0.4572168249958337,0.5837312106538669
SCAM_0098,37,3000.0,1000.0,541.249783258237,30,False,solana,1e-05,3e-06,30.33615026041694,1,9.969782796289316,1.869098642437744,0,1,0,0.3332222592469177,0.540709074184053
SCAM_0099,8,3003.274622584571,1619.4731562231434,1283.0392236652071,55,False,solana,1e-05,3.003274622584571e-06,39.85842360750871,1,19.878925851453538,17.55919931689515,0,1,0,0.5390562979991204,0.7917682676432619
SCAM_0100,40,5235.140270568689,1732.2941314434167,2773.13341145976,39,False,solana,1e-05,5.235140270568689e-06,37.14688307596458,0,5.670648694715588,19.49629041437054,0,0,0,0.33083417210579713,1.5999208450272704
SCAM_0101,43,5132.754941509612,1390.5256661634908,761.0673836139199,79,False,solana,1e-05,5.1327549415096124e-06,12.462802355441433,0,16.39779369742633,19.40867925042814,0,1,0,0.2708593772017093,0.5469301803912986
SCAM_0102,44,3000.0,1116.4439078155929,500.0,63,False,solana,1e-05,3e-06,40.70235993959911,0,20.24917371481381,15.24338480311557,0,1,0,0.3720239612847694,0.4474497525136742
SCAM_0103,37,3000.0,1000.0,500.0,23,False,solana,1e-05,3e-06,26.573689676626028,0,22.53531273523499,3.471638562482007,0,1,0,0.3332222592469177,0.4995004995004995
SCAM_0104,31,11056.53543418149,8950.15441668681,4194.09541216641,40,False,solana,1e-05,1.105653543418149e-05,37.2976062065625,1,11.841634974318149,15.407000722651429,0,0,0,0.8094167520385908,0.46855357610050224
SCAM_0105,43,22035.32552887001,4658.786120211104,2316.8377570646135,88,False,solana,1e-05,2.2035325528870012e-05,40.84365199693973,1,21.425146093440258,1.4671514127172287,0,1,0,0.21141392715893503,0.4971983042345413
SCAM_0106,41,4368.887014857267,6076.08529452265,909.277749738404,80,False,solana,1e-05,4.368887014857267e-06,17.720138998874553,1,7.2126347391041445,1.4203474790509478,1,0,0,1.3904444837737098,0.14962399006608432
SCAM_0107,29,21282.450273014212,1577.2529301205775,1270.934809795592,78,False,solana,1e-05,2.1282450273014214e-05,9.40207698110707,0,21.929045834690363,7.148594163841284,0,0,0,0.07410701319045125,0.8052795502800006
SCAM_0108,18,20656.44784879059,2445.4780520504396,868.4509905931477,58,False,solana,1e-05,2.065644784879059e-05,14.117406501677667,1,7.549773246639648,10.28422061768865,0,0,0,0.11838239021349446,0.3549800865228619
SCAM_0109,30,33607.44958257053,7240.247463062718,5854.753327966124,27,False,solana,1e-05,3.360744958257053e-05,22.08431154505025,1,12.945745811207345,15.63774093834807,0,0,0,0.2154293802001964,0.8085282760782532
SCAM_0110,47,3000.0,1000.0,500.0,96,False,solana,1e-05,3e-06,37.72059063689972,0,20.94590731559107,13.982612155523599,1,1,0,0.3332222592469177,0.4995004995004995
SCAM_0111,46,3000.0,1038.1581265701248,678.5657797616924,41,False,solana,1e-05,3e-06,39.429223330253734,1,7.998348546975476,9.472151421158218,1,1,0,0.3459373963912445,0.652995691811973
SCAM_0112,35,30810.4935052188,5886.170658191627,2360.7737487165987,85,False,solana,1e-05,3.08104935052188e-05,5.278085221247628,1,9.58502790465283,6.1989066593516515,0,0,0,0.1910381480597374,0.40100311096498126
SCAM_0113,17,3000.0,1000.0,500.0,98,False,solana,1e-05,3e-06,25.42989210310263,1,19.445051367861325,19.945365502996513,1,1,0,0.3332222592469177,0.4995004995004995
SCAM_0114,6,29234.600079236843,6471.298037439186,604.794209106466,69,False,solana,1e-05,2.9234600079236845e-05,21.69644012595116,1,19.400730730921488,9.097444742483486,0,1,0,0.22134993021864155,0.09344350424038221
SCAM_0115,22,3585.54468188039,1000.0,500.0,16,False,solana,1e-05,3.5855446818803904e-06,13.88431241882921,0,17.822952657705947,9.576353462263834,0,1,0,0.27881989176159094,0.4995004995004995
SCAM_0116,9,48229.19034998903,10503.596973471767,5633.979796653182,12,False,solana,1e-05,4.8229190349989035e-05,9.794614693347313,1,18.878968889342,4.108852602641715,0,0,0,0.21778054154982526,0.5363346933615059
SCAM_0117,29,29428.354399587584,16319.786340671331,3762.047695048831,87,False,solana,1e-05,2.9428354399587588e-05,18.504606856145116,1,15.854488866951923,16.101381426248658,0,1,0,0.5545410925120408,0.2305065219605151
SCAM_0118,38,52729.77591396577,7044.631249838927,4524.49962842106,12,False,solana,1e-05,5.272977591396578e-05,42.71638815650077,1,10.035981178139055,14.179962289848284,0,1,0,0.13359619933021227,0.6421709379872097
SCAM_0119,33,37146.59989975459,6686.224664304036,1812.0093466158592,73,False,solana,1e-05,3.7146599899754594e-05,17.928117280830207,1,11.913919870078388,5.194622642986447,1,1,0,0.17999075801255757,0.2709658247745504
SCAM_0120,15,3000.0,1000.0,500.0,17,False,solana,1e-05,3e-06,25.751624869734645,1,8.631954336028514,2.5652398667010115,0,0,0,0.3332222592469177,0.4995004995004995
SCAM_0121,22,9335.923847680922,1448.5563398330958,929.9860204365576,27,False,solana,1e-05,9.335923847680923e-06,33.12075835580711,0,23.169011226672566,13.929486739419549,0,0,0,0.1551427818695216,0.6415659708291419
SCAM_0122,23,4526.078668652565,1935.0818103542856,666.9499579026747,88,False,solana,1e-05,4.526078668652565e-06,19.54518409517176,0,16.66783589532241,13.435713071341569,0,1,0,0.4274460313123388,0.34448438817811566
SCAM_0123,34,3000.0,1000.0,500.0,86,False,solana,1e-05,3e-06,43.87128330883843,1,13.017028335272798,6.191931012965977,0,1,0,0.3332222592469177,0.4995004995004995
SCAM_0124,28,7021.944570063736,1000.0,500.0,95,False,solana,1e-05,7.021944570063737e-06,43.497891797684446,0,14.240116072882653,19.066407682757795,0,1,0,0.14239041616000175,0.4995004995004995
SCAM_0125,12,23117.483221126175,1000.0,3532.479499915804,78,False,solana,1e-05,2.3117483221126178e-05,15.071291833014566,1,23.945666792236306,3.870099943837104,0,1,0,0.04325543291205965,3.5289505493664373
SCAM_0126,4,6681.873551170647,1000.0,657.3137593953239,82,False,solana,1e-05,6.681873551170648e-06,24.88994023569542,1,8.067028062321604,9.214361219809437,0,0,0,0.14963622943678603,0.6566571022930309
SCAM_0127,28,41062.71713941282,4382.489390794991,3627.823237962539,81,False,solana,1e-05,4.106271713941283e-05,17.035132392670786,1,16.724596640335946,18.928702483184377,1,1,0,0.10672412767495643,0.8276108174416263
SCAM_0128,1,9042.52376425726,5521.758652367894,1431.3719152925678,63,False,solana,1e-05,9.042523764257262e-06,16.393619775098706,1,15.11777357768932,8.974819021596323,0,1,0,0.6105760095629487,0.25917698117748894
SCAM_0129,32,33251.08347470734,6140.67812379391,889.3281476232197,5,False,solana,1e-05,3.325108347470734e-05,6.475477894181312,1,17.229084708692955,13.131993005617625,0,0,0,0.18467047721881,0.14480214197123267
SCAM_0130,6,22207.125455111986,3276.0389541629434,666.8643630319273,77,False,solana,1e-05,2.220712545511199e-05,29.382573359195874,1,5.36220367641681,8.554293561293091,0,1,0,0.14751532995365205,0.20349601343151105
SCAM_0131,34,5628.027238656764,4767.564978715977,753.1454582902178,76,False,solana,1e-05,5.628027238656765e-06,25.10716092915446,1,22.44247817888303,6.210088844624731,0,1,0,0.8469607228004186,0.1579396446628721
SCAM_0132,41,19270.71428364384,1000.0,1612.846850228815,50,False,solana,1e-05,1.9270714283643843e-05,7.059150049999574,1,23.642365649672247,19.695575311236738,0,0,0,0.05188951980513292,1.6112356146142006
SCAM_0133,36,16043.517389026514,1013.875317853644,3781.6571341164863,48,False,solana,1e-05,1.6043517389026515e-05,16.14585856946446,1,16.302663671784178,8.777346119985818,0,1,0,0.06319138764167963,3.7262283037036497
SCAM_0134,29,25183.061516849342,2453.826970111186,3134.799488936144,94,False,solana,1e-05,2.5183061516849343e-05,41.33063543866615,1,18.933016477537844,17.987884869903553,1,0,0,0.0974357122050968,1.2769940721297193
SCAM_0135,42,18497.590398579436,9923.267271660385,5190.887689985739,43,False,solana,1e-05,1.8497590398579437e-05,14.582475626678896,1,23.449987623545915,5.369137511930638,0,1,0,0.5364336988845606,0.5230499691205187
SCAM_0136,22,23662.840883998444,6011.930469246658,1683.7745597061985,89,False,solana,1e-05,2.3662840883998447e-05,10.795794883648924,0,19.144772686267974,5.048989376476583,1,1,0,0.25405556514335514,0.28002561618131494
SCAM_0137,25,3696.202671558297,1000.0,500.0,9,False,solana,1e-05,3.6962026715582967e-06,24.57811041110252,0,8.050780858285227,1.5915475748057157,1,1,0,0.27047475857700815,0.4995004995004995
SCAM_0138,9,23040.737322616736,2363.081595282036,3395.200371675712,29,False,solana,1e-05,2.304073732261674e-05,44.42601816442403,0,16.525767203336265,13.381669682141816,0,1,0,0.10255657211066896,1.4361604009148692
SCAM_0139,20,17044.273879571418,7064.02547403171,1613.557710120725,11,False,solana,1e-05,1.7044273879571418e-05,14.682210860460017,0,17.13430092765712,8.002000530751461,1,0,0,0.414427220350966,0.22838667971566934
SCAM_0140,41,3000.0,1000.0,500.0,74,False,solana,1e-05,3e-06,31.885421896235144,0,13.48261342604772,17.422806746953103,0,1,0,0.3332222592469177,0.4995004995004995
SCAM_0141,33,28150.864799745228,1734.6724063889587,782.1481882101895,27,False,solana,1e-05,2.815086479974523e-05,35.4647846131487,1,19.728884712494455,9.990988227139585,1,1,0,0.06161838367469914,0.4506312281805744
SCAM_0142,7,8896.109669754098,5136.205860677071,2993.7765370098805,59,False,solana,1e-05,8.896109669754099e-06,14.505501759695987,0,23.687340295380295,19.395675130379715,0,0,0,0.5772892603693203,0.5827635913767545
SCAM_0143,34,27277.393002868783,6706.241277841559,3291.55608406442,11,False,solana,1e-05,2.7277393002868784e-05,34.12865394447438,1,23.51137025813553,4.524984798359302,1,1,0,0.2458444409513524,0.49074663452746214
SCAM_0144,7,3000.0,1000.0,500.0,78,False,solana,1e-05,3e-06,19.711325308770128,1,14.016787428082642,17.503840191156605,1,1,0,0.3332222592469177,0.4995004995004995
SCAM_0145,29,24195.34526917086,1329.2697214546629,2588.4683354631247,38,False,solana,1e-05,2.4195345269170864e-05,30.292233223743178,0,7.264760916815105,15.755340203043094,1,0,0,0.05493679754802958,1.9458221845661565
SCAM_0146,28,14482.053666178255,2206.509648178267,2066.768695158744,59,False,solana,1e-05,1.4482053666178258e-05,30.34118843043579,1,24.69682397924669,15.647515048236988,0,1,0,0.1523511338862914,0.9362444675448333
SCAM_0147,37,29757.36537791399,7285.534566301177,1936.2669252752253,82,False,solana,1e-05,2.975736537791399e-05,26.43098736299034,0,21.777961728918683,17.050881334220865,0,1,0,0.2448230765964162,0.2657322088651151
SCAM_0148,16,3000.0,1000.0,500.0,31,False,solana,1e-05,3e-06,8.611590802176332,0,7.493253624065337,15.45945582791698,0,0,0,0.3332222592469177,0.4995004995004995
SCAM_0149,20,3000.0,1000.0,500.0,51,False,solana,1e-05,3e-06,38.41209982356952,1,23.416837652347446,12.898186110996892,0,1,0,0.3332222592469177,0.4995004995004995
SCAM_0150,13,34022.29469741045,1601.9956477429826,752.9613868475061,44,False,solana,1e-05,3.402229469741045e-05,17.83120259886943,1,22.397927241242567,3.4936526759653637,0,0,0,0.047085259143492424,0.4697214168408227
SCAM_0151,7,32837.22609662487,9402.183968994152,6995.303740861886,92,False,solana,1e-05,3.283722609662487e-05,12.46074041599417,1,15.376761142521442,1.6179974103337864,0,0,0,0.2863182664413323,0.7439292652284635
SCAM_0152,12,5905.528336625464,2044.6161217994927,1019.7990495945484,78,False,solana,1e-05,5.905528336625464e-06,6.631005662190557,1,16.825508714898586,18.49610910849805,0,0,0,0.3461620778353243,0.49852904400139797
SCAM_0153,6,67805.55639322795,2612.813804918722,9272.450851874348,32,False,solana,1e-05,6.780555639322795e-05,28.635717727529673,1,12.980054077402606,12.716355975894023,1,1,0,0.03853335051799905,3.547479485503245
SCAM_0154,1,3000.0,1325.5149100352617,500.0,99,False,solana,1e-05,3e-06,32.1025744736913,0,6.095232776440627,16.13420852854735,0,1,0,0.44169107298742477,0.37692753863332673
SCAM_0155,9,52682.28784509913,10424.137625391872,5536.882935389868,58,False,solana,1e-05,5.268228784509913e-05,5.663513157114246,0,11.703944832918019,10.148924678738451,1,0,0,0.19786421940941143,0.5311088576810746
SCAM_0156,28,4600.653618584603,1000.0,500.0,28,False,solana,1e-05,4.600653618584603e-06,25.48372233197124,1,21.057068971960227,3.228855590285495,0,1,0,0.21731318410436648,0.4995004995004995
SCAM_0157,21,42440.98718483695,8187.5203657037155,2684.9904362553775,47,False,solana,1e-05,4.2440987184836955e-05,14.059831007917518,1,5.092640460092057,3.3785300518484584,1,1,0,0.19291086277479563,0.32789689911513475
SCAM_0158,19,40991.47569472024,7913.471478067656,2261.5890489353415,78,False,solana,1e-05,4.099147569472024e-05,30.806911616377995,1,11.669983433822884,14.025740457350455,1,0,0,0.19304692736786563,0.2857536419459706
SCAM_0159,27,6975.577018733131,1002.7176881269688,679.8778661881914,78,False,solana,1e-05,6.975577018733132e-06,11.974657160199659,1,12.963373871818867,9.175812003089792,0,1,0,0.14372631240714823,0.6773596542439211
SCAM_0160,13,8426.673554973555,1665.2524798537218,500.0,33,False,solana,1e-05,8.426673554973556e-06,32.63750952409864,1,15.747912058758457,4.8099698073063974,0,1,0,0.19759337722223239,0.3000745721584129
SCAM_0161,38,6870.285471707352,1426.9004504216914,500.0,48,False,solana,1e-05,6.8702854717073534e-06,20.469413852021496,1,23.39711232825521,10.340296388087301,0,1,0,0.20766135482174056,0.3501644668942703
SCAM_0162,2,3000.0,1000.0,692.7465773576821,44,False,solana,1e-05,3e-06,42.46919954946938,1,11.926919887319226,2.2199698044275475,0,1,0,0.3332222592469177,0.6920545228348473
SCAM_0163,41,3000.0,1000.0,500.0,99,False,solana,1e-05,3e-06,10.50083776583973,1,11.939064037924554,12.057456636373576,0,1,0,0.3332222592469177,0.4995004995004995
SCAM_0164,2,6518.507944440251,1000.0,500.0,49,False,solana,1e-05,6.518507944440251e-06,18.642654042010342,1,19.750024962194967,6.1108746842668555,0,1,0,0.15338580894786494,0.4995004995004995
SCAM_0165,23,13481.773705547188,1564.2836023203645,747.4804111280354,89,False,solana,1e-05,1.348177370554719e-05,9.538940849623563,1,14.044358817796143,16.153622912106574,0,1,0,0.11602090463602269,0.4775367288202445
SCAM_0166,17,19578.638674495476,7296.099111687348,2895.3525200056133,90,False,solana,1e-05,1.9578638674495477e-05,41.98774473114251,1,9.49209645879964,6.896877219547902,0,1,0,0.3726370661370416,0.39678130661104655
SCAM_0167,20,10218.279225404733,2185.360562495752,500.0,22,False,solana,1e-05,1.0218279225404731e-05,40.09357413523924,1,14.048790322653868,9.649182832554223,0,0,0,0.2138468393214103,0.22869055021247048
SCAM_0168,21,17839.06850303494,3762.0060142578,2726.363814810981,98,False,solana,1e-05,1.7839068503034943e-05,15.317665108606224,0,7.817140407595997,1.220790258253912,0,1,0,0.2108739668582444,0.7245175278702598
SCAM_0169,43,10575.53841416212,2558.785020796763,904.8301133582986,68,False,solana,1e-05,1.057553841416212e-05,31.39936184136716,1,8.527739730124466,2.3764908680966186,0,1,0,0.24193029142413147,0.3534789468674442
SCAM_0170,22,5798.787378554192,1000.0,500.0,20,False,solana,1e-05,5.7987873785541925e-06,37.688888008048636,1,14.967355454789594,8.457377571727012,1,0,0,0.17242011382998085,0.4995004995004995
SCAM_0171,12,10092.72897811948,3949.53973956224,1877.7057326574472,57,False,solana,1e-05,1.0092728978119482e-05,27.208032463978494,1,13.378508990090959,10.118837859625346,0,0,0,0.3912864857104636,0.47530359303904035
SCAM_0172,27,20464.40467465577,3158.8484178404988,500.0,99,False,solana,1e-05,2.046440467465577e-05,26.18602313424026,1,23.296918021362,12.40039041426677,1,1,0,0.15435064529910797,0.15823543850299934
SCAM_0173,20,7130.900668120416,2009.6828715693737,1198.1183440504328,95,False,solana,1e-05,7.130900668120418e-06,14.674091636018067,1,12.247877982332662,6.541588995476761,0,1,0,0.2817878382059712,0.5958763368363904
SCAM_0174,2,52686.519557502936,14720.131269559224,7340.227182933845,79,False,solana,1e-05,5.268651955750294e-05,8.72411071223597,1,16.611767005560868,14.204655836404308,0,1,0,0.27938554316442504,0.498618417873372
SCAM_0175,8,10218.811775991438,2790.317247318572,1361.9007877409902,66,False,solana,1e-05,1.021881177599144e-05,40.88863031813307,0,17.645285758390607,17.342325546594886,0,1,0,0.2730301994282942,0.48790612713380227
SCAM_0176,17,7562.416712749296,3884.4658054511538,1282.7752327581256,25,False,solana,1e-05,7.5624167127492975e-06,41.016722286533216,1,5.261889131766672,15.817168788973646,0,0,0,0.5135861149767529,0.3301470909764392
SCAM_0177,1,6716.818927657616,1000.0,500.0,72,False,solana,1e-05,6.716818927657616e-06,30.32405829093072,0,18.270747440334212,1.7527576816187858,0,1,0,0.148857837754892,0.4995004995004995
SCAM_0178,10,24622.88220492431,7217.934284603592,1386.2204085932374,5,False,solana,1e-05,2.4622882204924312e-05,18.561191641948028,1,8.560719337395028,10.12963199789875,0,0,0,0.29312738846517633,0.19202563064602796
SCAM_0179,15,6718.861442166283,1914.6667079446884,684.4526410691718,81,False,solana,1e-05,6.718861442166283e-06,18.968382984506434,1,24.221406349389103,2.9936733899453225,0,1,0,0.2849265158847467,0.3572921313663787
SCAM_0180,17,5177.980719099786,2159.234467773386,1372.9077464563195,17,False,solana,1e-05,5.177980719099787e-06,34.038227154809576,1,7.973254555062259,5.598855301388022,0,1,0,0.41692266970800873,0.6355364507591688
SCAM_0181,7,14259.973076127284,1000.0,1250.7714602732217,72,False,solana,1e-05,1.4259973076127284e-05,40.884410398103086,1,13.292482474540474,19.74658927207578,0,1,0,0.07012144225094916,1.2495219383348868
SCAM_0182,39,3000.0,1124.8122275269243,500.0,60,False,solana,1e-05,3e-06,40.48345697060469,1,6.706993361572877,3.707415315128751,0,1,0,0.37481247168507975,0.44412379593562573
SCAM_0183,33,26457.590354447104,1846.073320489023,2800.8906602954908,5,False,solana,1e-05,2.6457590354447105e-05,36.19502183430495,1,24.937485036918947,10.478874915575766,0,0,0,0.06977217212854044,1.5163938698188437
SCAM_0184,11,7441.84724428463,1298.8486223419332,500.0,13,False,solana,1e-05,7.4418472442846305e-06,30.68126584617151,0,15.043900206624851,12.744958952044263,0,1,0,0.17450964391877322,0.3846601761204713
SCAM_0185,25,5555.1008592826975,1000.0,500.0,33,False,solana,1e-05,5.555100859282698e-06,8.365598599801952,1,16.907700346400876,14.346834440337975,0,1,0,0.1799823338932515,0.4995004995004995
SCAM_0186,29,4476.429146160357,2304.9681179797467,1037.795111371949,19,False,solana,1e-05,4.476429146160357e-06,11.46514856378455,1,6.34152954776855,11.633324986251369,0,1,0,0.5147972291100094,0.45004746738699875
SCAM_0187,46,3000.0,1000.0,500.0,58,False,solana,1e-05,3e-06,40.94216754108317,1,19.999209407983557,1.1856461009644894,1,0,0,0.3332222592469177,0.4995004995004995
SCAM_0188,32,11944.605179771306,4039.7478483861023,2718.427385741056,56,False,solana,1e-05,1.1944605179771308e-05,29.257162386383598,1,9.198111861911716,7.202764856635846,0,1,0,0.33817858430705655,0.6727535317074563
SCAM_0189,33,3802.7531722812664,1000.0,719.0530457465047,71,False,solana,1e-05,3.802753172281267e-06,5.367882064665186,1,22.961085788814273,10.836521224309518,0,1,0,0.2628982362176406,0.7183347110354692
SCAM_0190,24,3000.0,1000.0,500.0,52,False,solana,1e-05,3e-06,9.058861714641285,0,9.102792809640142,2.6694634837518336,1,0,0,0.3332222592469177,0.4995004995004995
SCAM_0191,27,3000.0,1419.7766571990962,1324.6821682791194,38,False,solana,1e-05,3e-06,31.54007076432223,1,8.813754413273331,7.661911692974434,0,0,0,0.47310118533791945,0.9323648172053893
SCAM_0192,10,7342.559638219559,2630.621915683329,2000.683717483298,38,False,solana,1e-05,7.34255963821956e-06,5.2024633538487475,0,5.730993356961898,1.6308590670359648,0,1,0,0.3582216316447212,0.7602473993547811
SCAM_0193,44,7274.724438992584,1236.444404055886,521.9094887992835,20,False,solana,1e-05,7.274724438992584e-06,11.432322056699945,1,14.441338902199984,2.4929914459453943,0,1,0,0.16994107108145062,0.421763989629479
SCAM_0194,36,7353.815640508688,5384.210283632155,4409.67568999277,68,False,solana,1e-05,7.353815640508689e-06,26.949351574663446,1,16.29682266525233,8.541542247830325,0,0,0,0.7320659751112077,0.8188493035073428
SCAM_0195,28,10067.54761396642,1483.2339492614576,892.1431922537976,40,False,solana,1e-05,1.006754761396642e-05,32.67580790770773,1,6.314172788567047,3.521599326818147,0,0,0,0.1473135953793389,0.6010798989591368
SCAM_0196,44,7436.19582886312,1000.0,757.3416818465133,91,False,solana,1e-05,7.436195828863121e-06,31.078450380104023,1,20.51055233390021,11.783276116969605,0,0,0,0.1344592804883644,0.7565850967497636
SCAM_0197,22,21746.521258771576,1000.0,1533.1894516910663,53,False,solana,1e-05,2.1746521258771577e-05,13.970772378422392,0,14.065776694960553,14.099834413608049,0,0,0,0.04598225186682658,1.5316577938971692
SCAM_0198,32,18197.102130565505,3389.238292041028,990.267652959206,53,False,solana,1e-05,1.819710213056551e-05,33.48716885390144,0,15.487805386551601,16.211147283072574,0,1,0,0.18624130514953363,0.2920938198603834
SCAM_0199,15,9825.769323480265,5078.726850693267,2586.529552480094,49,False,solana,1e-05,9.825769323480263e-06,14.489963499872003,1,13.815254938764562,4.8028546406513914,1,1,0,0.5168256914872381,0.5091867394655466
